INSERT [App].[GenerateReportGroups] ([ReportGroupId], [ReportGroup]) VALUES (1, N'Directory')
INSERT [App].[GenerateReportGroups] ([ReportGroupId], [ReportGroup]) VALUES (2, N'ChildCount')
INSERT [App].[GenerateReportGroups] ([ReportGroupId], [ReportGroup]) VALUES (3, N'Exiting')
INSERT [App].[GenerateReportGroups] ([ReportGroupId], [ReportGroup]) VALUES (4, N'Discipline')
INSERT [App].[GenerateReportGroups] ([ReportGroupId], [ReportGroup]) VALUES (5, N'Personnel')
INSERT [App].[GenerateReportGroups] ([ReportGroupId], [ReportGroup]) VALUES (6, N'Assessment')

INSERT [App].[GenerateStagingTables] ([StagingTableId], [StagingTableName]) VALUES (1, N'Assessment')
INSERT [App].[GenerateStagingTables] ([StagingTableId], [StagingTableName]) VALUES (2, N'AssessmentResult')
INSERT [App].[GenerateStagingTables] ([StagingTableId], [StagingTableName]) VALUES (3, N'CharterSchoolAuthorizer')
INSERT [App].[GenerateStagingTables] ([StagingTableId], [StagingTableName]) VALUES (4, N'CharterSchoolManagementOrganization')
INSERT [App].[GenerateStagingTables] ([StagingTableId], [StagingTableName]) VALUES (5, N'Discipline')
INSERT [App].[GenerateStagingTables] ([StagingTableId], [StagingTableName]) VALUES (6, N'K12Enrollment')
INSERT [App].[GenerateStagingTables] ([StagingTableId], [StagingTableName]) VALUES (7, N'K12Organization')
INSERT [App].[GenerateStagingTables] ([StagingTableId], [StagingTableName]) VALUES (8, N'OrganizationAddress')
INSERT [App].[GenerateStagingTables] ([StagingTableId], [StagingTableName]) VALUES (9, N'OrganizationFederalFunding')
INSERT [App].[GenerateStagingTables] ([StagingTableId], [StagingTableName]) VALUES (10, N'OrganizationGradeOffered')
INSERT [App].[GenerateStagingTables] ([StagingTableId], [StagingTableName]) VALUES (11, N'OrganizationPhone')
INSERT [App].[GenerateStagingTables] ([StagingTableId], [StagingTableName]) VALUES (12, N'OrganizationProgramType')
INSERT [App].[GenerateStagingTables] ([StagingTableId], [StagingTableName]) VALUES (13, N'PersonRace')
INSERT [App].[GenerateStagingTables] ([StagingTableId], [StagingTableName]) VALUES (14, N'PersonStatus')
INSERT [App].[GenerateStagingTables] ([StagingTableId], [StagingTableName]) VALUES (15, N'ProgramParticipationSpecialEducation')
INSERT [App].[GenerateStagingTables] ([StagingTableId], [StagingTableName]) VALUES (16, N'StateDetail')
INSERT [App].[GenerateStagingTables] ([StagingTableId], [StagingTableName]) VALUES (17, N'K12StaffAssignment')

INSERT [App].[GenerateReport_GenerateStagingTablesXREF] ([GenerateReportId], [StagingTableId]) VALUES (4, 1)
INSERT [App].[GenerateReport_GenerateStagingTablesXREF] ([GenerateReportId], [StagingTableId]) VALUES (4, 2)
INSERT [App].[GenerateReport_GenerateStagingTablesXREF] ([GenerateReportId], [StagingTableId]) VALUES (4, 6)
INSERT [App].[GenerateReport_GenerateStagingTablesXREF] ([GenerateReportId], [StagingTableId]) VALUES (4, 7)
INSERT [App].[GenerateReport_GenerateStagingTablesXREF] ([GenerateReportId], [StagingTableId]) VALUES (4, 13)
INSERT [App].[GenerateReport_GenerateStagingTablesXREF] ([GenerateReportId], [StagingTableId]) VALUES (4, 14)
INSERT [App].[GenerateReport_GenerateStagingTablesXREF] ([GenerateReportId], [StagingTableId]) VALUES (4, 15)
INSERT [App].[GenerateReport_GenerateStagingTablesXREF] ([GenerateReportId], [StagingTableId]) VALUES (4, 16)
INSERT [App].[GenerateReport_GenerateStagingTablesXREF] ([GenerateReportId], [StagingTableId]) VALUES (5, 1)
INSERT [App].[GenerateReport_GenerateStagingTablesXREF] ([GenerateReportId], [StagingTableId]) VALUES (5, 2)
INSERT [App].[GenerateReport_GenerateStagingTablesXREF] ([GenerateReportId], [StagingTableId]) VALUES (5, 6)
INSERT [App].[GenerateReport_GenerateStagingTablesXREF] ([GenerateReportId], [StagingTableId]) VALUES (5, 7)
INSERT [App].[GenerateReport_GenerateStagingTablesXREF] ([GenerateReportId], [StagingTableId]) VALUES (5, 13)
INSERT [App].[GenerateReport_GenerateStagingTablesXREF] ([GenerateReportId], [StagingTableId]) VALUES (5, 14)
INSERT [App].[GenerateReport_GenerateStagingTablesXREF] ([GenerateReportId], [StagingTableId]) VALUES (5, 15)
INSERT [App].[GenerateReport_GenerateStagingTablesXREF] ([GenerateReportId], [StagingTableId]) VALUES (5, 16)
INSERT [App].[GenerateReport_GenerateStagingTablesXREF] ([GenerateReportId], [StagingTableId]) VALUES (6, 1)
INSERT [App].[GenerateReport_GenerateStagingTablesXREF] ([GenerateReportId], [StagingTableId]) VALUES (6, 2)
INSERT [App].[GenerateReport_GenerateStagingTablesXREF] ([GenerateReportId], [StagingTableId]) VALUES (6, 6)
INSERT [App].[GenerateReport_GenerateStagingTablesXREF] ([GenerateReportId], [StagingTableId]) VALUES (6, 7)
INSERT [App].[GenerateReport_GenerateStagingTablesXREF] ([GenerateReportId], [StagingTableId]) VALUES (6, 13)
INSERT [App].[GenerateReport_GenerateStagingTablesXREF] ([GenerateReportId], [StagingTableId]) VALUES (6, 14)
INSERT [App].[GenerateReport_GenerateStagingTablesXREF] ([GenerateReportId], [StagingTableId]) VALUES (6, 15)
INSERT [App].[GenerateReport_GenerateStagingTablesXREF] ([GenerateReportId], [StagingTableId]) VALUES (6, 16)
INSERT [App].[GenerateReport_GenerateStagingTablesXREF] ([GenerateReportId], [StagingTableId]) VALUES (7, 1)
INSERT [App].[GenerateReport_GenerateStagingTablesXREF] ([GenerateReportId], [StagingTableId]) VALUES (7, 2)
INSERT [App].[GenerateReport_GenerateStagingTablesXREF] ([GenerateReportId], [StagingTableId]) VALUES (7, 6)
INSERT [App].[GenerateReport_GenerateStagingTablesXREF] ([GenerateReportId], [StagingTableId]) VALUES (7, 7)
INSERT [App].[GenerateReport_GenerateStagingTablesXREF] ([GenerateReportId], [StagingTableId]) VALUES (7, 13)
INSERT [App].[GenerateReport_GenerateStagingTablesXREF] ([GenerateReportId], [StagingTableId]) VALUES (7, 14)
INSERT [App].[GenerateReport_GenerateStagingTablesXREF] ([GenerateReportId], [StagingTableId]) VALUES (7, 15)
INSERT [App].[GenerateReport_GenerateStagingTablesXREF] ([GenerateReportId], [StagingTableId]) VALUES (7, 16)
INSERT [App].[GenerateReport_GenerateStagingTablesXREF] ([GenerateReportId], [StagingTableId]) VALUES (8, 1)
INSERT [App].[GenerateReport_GenerateStagingTablesXREF] ([GenerateReportId], [StagingTableId]) VALUES (8, 5)
INSERT [App].[GenerateReport_GenerateStagingTablesXREF] ([GenerateReportId], [StagingTableId]) VALUES (8, 6)
INSERT [App].[GenerateReport_GenerateStagingTablesXREF] ([GenerateReportId], [StagingTableId]) VALUES (8, 13)
INSERT [App].[GenerateReport_GenerateStagingTablesXREF] ([GenerateReportId], [StagingTableId]) VALUES (8, 14)
INSERT [App].[GenerateReport_GenerateStagingTablesXREF] ([GenerateReportId], [StagingTableId]) VALUES (8, 15)
INSERT [App].[GenerateReport_GenerateStagingTablesXREF] ([GenerateReportId], [StagingTableId]) VALUES (8, 16)
INSERT [App].[GenerateReport_GenerateStagingTablesXREF] ([GenerateReportId], [StagingTableId]) VALUES (9, 5)
INSERT [App].[GenerateReport_GenerateStagingTablesXREF] ([GenerateReportId], [StagingTableId]) VALUES (9, 6)
INSERT [App].[GenerateReport_GenerateStagingTablesXREF] ([GenerateReportId], [StagingTableId]) VALUES (9, 7)
INSERT [App].[GenerateReport_GenerateStagingTablesXREF] ([GenerateReportId], [StagingTableId]) VALUES (9, 13)
INSERT [App].[GenerateReport_GenerateStagingTablesXREF] ([GenerateReportId], [StagingTableId]) VALUES (9, 14)
INSERT [App].[GenerateReport_GenerateStagingTablesXREF] ([GenerateReportId], [StagingTableId]) VALUES (9, 15)
INSERT [App].[GenerateReport_GenerateStagingTablesXREF] ([GenerateReportId], [StagingTableId]) VALUES (9, 16)
INSERT [App].[GenerateReport_GenerateStagingTablesXREF] ([GenerateReportId], [StagingTableId]) VALUES (10, 7)
INSERT [App].[GenerateReport_GenerateStagingTablesXREF] ([GenerateReportId], [StagingTableId]) VALUES (10, 16)
INSERT [App].[GenerateReport_GenerateStagingTablesXREF] ([GenerateReportId], [StagingTableId]) VALUES (10, 17)
INSERT [App].[GenerateReport_GenerateStagingTablesXREF] ([GenerateReportId], [StagingTableId]) VALUES (11, 7)
INSERT [App].[GenerateReport_GenerateStagingTablesXREF] ([GenerateReportId], [StagingTableId]) VALUES (11, 16)
INSERT [App].[GenerateReport_GenerateStagingTablesXREF] ([GenerateReportId], [StagingTableId]) VALUES (11, 17)
INSERT [App].[GenerateReport_GenerateStagingTablesXREF] ([GenerateReportId], [StagingTableId]) VALUES (12, 6)
INSERT [App].[GenerateReport_GenerateStagingTablesXREF] ([GenerateReportId], [StagingTableId]) VALUES (12, 7)
INSERT [App].[GenerateReport_GenerateStagingTablesXREF] ([GenerateReportId], [StagingTableId]) VALUES (12, 13)
INSERT [App].[GenerateReport_GenerateStagingTablesXREF] ([GenerateReportId], [StagingTableId]) VALUES (12, 14)
INSERT [App].[GenerateReport_GenerateStagingTablesXREF] ([GenerateReportId], [StagingTableId]) VALUES (12, 15)
INSERT [App].[GenerateReport_GenerateStagingTablesXREF] ([GenerateReportId], [StagingTableId]) VALUES (12, 16)
INSERT [App].[GenerateReport_GenerateStagingTablesXREF] ([GenerateReportId], [StagingTableId]) VALUES (14, 5)
INSERT [App].[GenerateReport_GenerateStagingTablesXREF] ([GenerateReportId], [StagingTableId]) VALUES (14, 6)
INSERT [App].[GenerateReport_GenerateStagingTablesXREF] ([GenerateReportId], [StagingTableId]) VALUES (14, 7)
INSERT [App].[GenerateReport_GenerateStagingTablesXREF] ([GenerateReportId], [StagingTableId]) VALUES (14, 13)
INSERT [App].[GenerateReport_GenerateStagingTablesXREF] ([GenerateReportId], [StagingTableId]) VALUES (14, 14)
INSERT [App].[GenerateReport_GenerateStagingTablesXREF] ([GenerateReportId], [StagingTableId]) VALUES (14, 15)
INSERT [App].[GenerateReport_GenerateStagingTablesXREF] ([GenerateReportId], [StagingTableId]) VALUES (14, 16)
INSERT [App].[GenerateReport_GenerateStagingTablesXREF] ([GenerateReportId], [StagingTableId]) VALUES (15, 6)
INSERT [App].[GenerateReport_GenerateStagingTablesXREF] ([GenerateReportId], [StagingTableId]) VALUES (15, 7)
INSERT [App].[GenerateReport_GenerateStagingTablesXREF] ([GenerateReportId], [StagingTableId]) VALUES (15, 13)
INSERT [App].[GenerateReport_GenerateStagingTablesXREF] ([GenerateReportId], [StagingTableId]) VALUES (15, 14)
INSERT [App].[GenerateReport_GenerateStagingTablesXREF] ([GenerateReportId], [StagingTableId]) VALUES (15, 15)
INSERT [App].[GenerateReport_GenerateStagingTablesXREF] ([GenerateReportId], [StagingTableId]) VALUES (15, 16)
INSERT [App].[GenerateReport_GenerateStagingTablesXREF] ([GenerateReportId], [StagingTableId]) VALUES (16, 5)
INSERT [App].[GenerateReport_GenerateStagingTablesXREF] ([GenerateReportId], [StagingTableId]) VALUES (16, 6)
INSERT [App].[GenerateReport_GenerateStagingTablesXREF] ([GenerateReportId], [StagingTableId]) VALUES (16, 7)
INSERT [App].[GenerateReport_GenerateStagingTablesXREF] ([GenerateReportId], [StagingTableId]) VALUES (16, 13)
INSERT [App].[GenerateReport_GenerateStagingTablesXREF] ([GenerateReportId], [StagingTableId]) VALUES (16, 14)
INSERT [App].[GenerateReport_GenerateStagingTablesXREF] ([GenerateReportId], [StagingTableId]) VALUES (16, 15)
INSERT [App].[GenerateReport_GenerateStagingTablesXREF] ([GenerateReportId], [StagingTableId]) VALUES (16, 16)
INSERT [App].[GenerateReport_GenerateStagingTablesXREF] ([GenerateReportId], [StagingTableId]) VALUES (17, 5)
INSERT [App].[GenerateReport_GenerateStagingTablesXREF] ([GenerateReportId], [StagingTableId]) VALUES (17, 6)
INSERT [App].[GenerateReport_GenerateStagingTablesXREF] ([GenerateReportId], [StagingTableId]) VALUES (17, 7)
INSERT [App].[GenerateReport_GenerateStagingTablesXREF] ([GenerateReportId], [StagingTableId]) VALUES (17, 13)
INSERT [App].[GenerateReport_GenerateStagingTablesXREF] ([GenerateReportId], [StagingTableId]) VALUES (17, 14)
INSERT [App].[GenerateReport_GenerateStagingTablesXREF] ([GenerateReportId], [StagingTableId]) VALUES (17, 15)
INSERT [App].[GenerateReport_GenerateStagingTablesXREF] ([GenerateReportId], [StagingTableId]) VALUES (17, 16)
INSERT [App].[GenerateReport_GenerateStagingTablesXREF] ([GenerateReportId], [StagingTableId]) VALUES (18, 5)
INSERT [App].[GenerateReport_GenerateStagingTablesXREF] ([GenerateReportId], [StagingTableId]) VALUES (18, 6)
INSERT [App].[GenerateReport_GenerateStagingTablesXREF] ([GenerateReportId], [StagingTableId]) VALUES (18, 7)
INSERT [App].[GenerateReport_GenerateStagingTablesXREF] ([GenerateReportId], [StagingTableId]) VALUES (18, 13)
INSERT [App].[GenerateReport_GenerateStagingTablesXREF] ([GenerateReportId], [StagingTableId]) VALUES (18, 14)
INSERT [App].[GenerateReport_GenerateStagingTablesXREF] ([GenerateReportId], [StagingTableId]) VALUES (18, 15)
INSERT [App].[GenerateReport_GenerateStagingTablesXREF] ([GenerateReportId], [StagingTableId]) VALUES (18, 16)
INSERT [App].[GenerateReport_GenerateStagingTablesXREF] ([GenerateReportId], [StagingTableId]) VALUES (19, 6)
INSERT [App].[GenerateReport_GenerateStagingTablesXREF] ([GenerateReportId], [StagingTableId]) VALUES (19, 7)
INSERT [App].[GenerateReport_GenerateStagingTablesXREF] ([GenerateReportId], [StagingTableId]) VALUES (19, 13)
INSERT [App].[GenerateReport_GenerateStagingTablesXREF] ([GenerateReportId], [StagingTableId]) VALUES (19, 14)
INSERT [App].[GenerateReport_GenerateStagingTablesXREF] ([GenerateReportId], [StagingTableId]) VALUES (19, 15)
INSERT [App].[GenerateReport_GenerateStagingTablesXREF] ([GenerateReportId], [StagingTableId]) VALUES (19, 16)
INSERT [App].[GenerateReport_GenerateStagingTablesXREF] ([GenerateReportId], [StagingTableId]) VALUES (26, 7)
INSERT [App].[GenerateReport_GenerateStagingTablesXREF] ([GenerateReportId], [StagingTableId]) VALUES (26, 16)
INSERT [App].[GenerateReport_GenerateStagingTablesXREF] ([GenerateReportId], [StagingTableId]) VALUES (26, 17)
INSERT [App].[GenerateReport_GenerateStagingTablesXREF] ([GenerateReportId], [StagingTableId]) VALUES (39, 7)
INSERT [App].[GenerateReport_GenerateStagingTablesXREF] ([GenerateReportId], [StagingTableId]) VALUES (39, 8)
INSERT [App].[GenerateReport_GenerateStagingTablesXREF] ([GenerateReportId], [StagingTableId]) VALUES (39, 9)
INSERT [App].[GenerateReport_GenerateStagingTablesXREF] ([GenerateReportId], [StagingTableId]) VALUES (39, 11)
INSERT [App].[GenerateReport_GenerateStagingTablesXREF] ([GenerateReportId], [StagingTableId]) VALUES (39, 12)
INSERT [App].[GenerateReport_GenerateStagingTablesXREF] ([GenerateReportId], [StagingTableId]) VALUES (39, 16)
INSERT [App].[GenerateReport_GenerateStagingTablesXREF] ([GenerateReportId], [StagingTableId]) VALUES (44, 7)
INSERT [App].[GenerateReport_GenerateStagingTablesXREF] ([GenerateReportId], [StagingTableId]) VALUES (44, 10)
INSERT [App].[GenerateReport_GenerateStagingTablesXREF] ([GenerateReportId], [StagingTableId]) VALUES (44, 16)
INSERT [App].[GenerateReport_GenerateStagingTablesXREF] ([GenerateReportId], [StagingTableId]) VALUES (81, 1)
INSERT [App].[GenerateReport_GenerateStagingTablesXREF] ([GenerateReportId], [StagingTableId]) VALUES (81, 2)
INSERT [App].[GenerateReport_GenerateStagingTablesXREF] ([GenerateReportId], [StagingTableId]) VALUES (81, 6)
INSERT [App].[GenerateReport_GenerateStagingTablesXREF] ([GenerateReportId], [StagingTableId]) VALUES (81, 7)
INSERT [App].[GenerateReport_GenerateStagingTablesXREF] ([GenerateReportId], [StagingTableId]) VALUES (81, 13)
INSERT [App].[GenerateReport_GenerateStagingTablesXREF] ([GenerateReportId], [StagingTableId]) VALUES (81, 14)
INSERT [App].[GenerateReport_GenerateStagingTablesXREF] ([GenerateReportId], [StagingTableId]) VALUES (81, 15)
INSERT [App].[GenerateReport_GenerateStagingTablesXREF] ([GenerateReportId], [StagingTableId]) VALUES (81, 16)
INSERT [App].[GenerateReport_GenerateStagingTablesXREF] ([GenerateReportId], [StagingTableId]) VALUES (84, 1)
INSERT [App].[GenerateReport_GenerateStagingTablesXREF] ([GenerateReportId], [StagingTableId]) VALUES (84, 2)
INSERT [App].[GenerateReport_GenerateStagingTablesXREF] ([GenerateReportId], [StagingTableId]) VALUES (84, 6)
INSERT [App].[GenerateReport_GenerateStagingTablesXREF] ([GenerateReportId], [StagingTableId]) VALUES (84, 7)
INSERT [App].[GenerateReport_GenerateStagingTablesXREF] ([GenerateReportId], [StagingTableId]) VALUES (84, 13)
INSERT [App].[GenerateReport_GenerateStagingTablesXREF] ([GenerateReportId], [StagingTableId]) VALUES (84, 14)
INSERT [App].[GenerateReport_GenerateStagingTablesXREF] ([GenerateReportId], [StagingTableId]) VALUES (84, 15)
INSERT [App].[GenerateReport_GenerateStagingTablesXREF] ([GenerateReportId], [StagingTableId]) VALUES (84, 16)
INSERT [App].[GenerateReport_GenerateStagingTablesXREF] ([GenerateReportId], [StagingTableId]) VALUES (96, 3)
INSERT [App].[GenerateReport_GenerateStagingTablesXREF] ([GenerateReportId], [StagingTableId]) VALUES (96, 4)
INSERT [App].[GenerateReport_GenerateStagingTablesXREF] ([GenerateReportId], [StagingTableId]) VALUES (96, 7)
INSERT [App].[GenerateReport_GenerateStagingTablesXREF] ([GenerateReportId], [StagingTableId]) VALUES (96, 8)
INSERT [App].[GenerateReport_GenerateStagingTablesXREF] ([GenerateReportId], [StagingTableId]) VALUES (96, 9)
INSERT [App].[GenerateReport_GenerateStagingTablesXREF] ([GenerateReportId], [StagingTableId]) VALUES (96, 12)
INSERT [App].[GenerateReport_GenerateStagingTablesXREF] ([GenerateReportId], [StagingTableId]) VALUES (96, 16)

INSERT [App].[GenerateReportGroups_ReportsXREF] ([ReportGroupId], [GenerateReportId]) VALUES (1, 39)
INSERT [App].[GenerateReportGroups_ReportsXREF] ([ReportGroupId], [GenerateReportId]) VALUES (1, 44)
INSERT [App].[GenerateReportGroups_ReportsXREF] ([ReportGroupId], [GenerateReportId]) VALUES (1, 96)
INSERT [App].[GenerateReportGroups_ReportsXREF] ([ReportGroupId], [GenerateReportId]) VALUES (2, 12)
INSERT [App].[GenerateReportGroups_ReportsXREF] ([ReportGroupId], [GenerateReportId]) VALUES (2, 19)
INSERT [App].[GenerateReportGroups_ReportsXREF] ([ReportGroupId], [GenerateReportId]) VALUES (3, 15)
INSERT [App].[GenerateReportGroups_ReportsXREF] ([ReportGroupId], [GenerateReportId]) VALUES (4, 8)
INSERT [App].[GenerateReportGroups_ReportsXREF] ([ReportGroupId], [GenerateReportId]) VALUES (4, 9)
INSERT [App].[GenerateReportGroups_ReportsXREF] ([ReportGroupId], [GenerateReportId]) VALUES (4, 14)
INSERT [App].[GenerateReportGroups_ReportsXREF] ([ReportGroupId], [GenerateReportId]) VALUES (4, 16)
INSERT [App].[GenerateReportGroups_ReportsXREF] ([ReportGroupId], [GenerateReportId]) VALUES (4, 17)
INSERT [App].[GenerateReportGroups_ReportsXREF] ([ReportGroupId], [GenerateReportId]) VALUES (4, 18)
INSERT [App].[GenerateReportGroups_ReportsXREF] ([ReportGroupId], [GenerateReportId]) VALUES (5, 10)
INSERT [App].[GenerateReportGroups_ReportsXREF] ([ReportGroupId], [GenerateReportId]) VALUES (5, 11)
INSERT [App].[GenerateReportGroups_ReportsXREF] ([ReportGroupId], [GenerateReportId]) VALUES (5, 26)
INSERT [App].[GenerateReportGroups_ReportsXREF] ([ReportGroupId], [GenerateReportId]) VALUES (6, 4)
INSERT [App].[GenerateReportGroups_ReportsXREF] ([ReportGroupId], [GenerateReportId]) VALUES (6, 5)
INSERT [App].[GenerateReportGroups_ReportsXREF] ([ReportGroupId], [GenerateReportId]) VALUES (6, 6)
INSERT [App].[GenerateReportGroups_ReportsXREF] ([ReportGroupId], [GenerateReportId]) VALUES (6, 7)
INSERT [App].[GenerateReportGroups_ReportsXREF] ([ReportGroupId], [GenerateReportId]) VALUES (6, 81)
INSERT [App].[GenerateReportGroups_ReportsXREF] ([ReportGroupId], [GenerateReportId]) VALUES (6, 84)

