Table,Column,DataType,Suggestion1,Score1,Suggestion2,Score2,Suggestion3,Score3,ChosenGlobalId (fill in),Notes
PsInstitution,MostPrevalentLevelOfInstitutionCode,nvarchar,Level of Institution (000178),0.8985,Most Prevalent Level of Institution (002025),0.8541,School Type (000242),0.7769,,
K12Organization,LEA_K12LeaTitleISupportService,varchar,Title I Support Services (000289),0.8962,Has Local Education Agency Title I Support Service (600253),0.8647,Local Education Agency Title I Support Service (200196),0.8632,,
K12StudentCourseSection,DataCollectionId,int,Source System Data Collection Identifier (001964),0.893,Data Collection Description (001967),0.8576,Data Collection Status (001990),0.8442,,
OrganizationSchoolIndicatorStatus,DataCollectionId,int,Source System Data Collection Identifier (001964),0.893,Data Collection Description (001967),0.8576,Data Collection Status (001990),0.8442,,
EarlyLearningOrganization,OrganizationOperationalStatusId,int,Organization Operational Status (001418),0.8926,School Operational Status (000533),0.8581,Local Education Agency Operational Status (000174),0.849,,
K12StaffAssignment,SpecialEducationStaffCategory,nvarchar,Special Education Related Services Personnel (000262),0.8919,K12 Staff Classification (000087),0.8806,Special Education Teacher (000264),0.8433,,
OrganizationGradeOffered,GradeOffered,varchar,Has Grades Offered (000131),0.8918,Course Academic Grade (000053),0.7573,Has Course Academic Grade Status Code (001299),0.7239,,
EducationOrganizationNetwork,EducationOrganizationNetworkTypeCode,nvarchar,Education Organization Network (200389),0.8895,Organization Type (001156),0.7158,Organization Identifier Type (200416),0.6535,,
PersonStatus,HomelessNightTimeResidence_StartDate,date,Homeless Primary Nighttime Residence (000146),0.8857,Status Start Date (001227),0.8318,Homelessness Status (000149),0.776,,
FipsCounty,State,varchar,State Abbreviation (000267),0.8841,State Poverty Designation (000585),0.6203,State ANSI Code (000424),0.6181,,
PersonStatus,Section504_ProgramParticipationEndDate,date,Program Participation Exit Date (000591),0.8819,Workforce Program Participation End Date (000999),0.8768,Program Participation Start Date (000590),0.8517,,
ProgramParticipationCTE,DisplacedHomeMakerIndicator,bit,Career-Technical-Adult Education Displaced Homemaker Indicator (000084),0.8805,Status End Date (001228),0.8349,Status Start Date (001227),0.8185,,
EducationOrganizationNetwork,EducationOrganizationNetworkTypeDescription,nvarchar,Education Organization Network (200389),0.8791,Organization Type (001156),0.7197,Local Education Agency Type (000537),0.63,,
PersonStatus,FosterCare_ProgramParticipationEndDate,date,Program Participation Exit Date (000591),0.8752,Workforce Program Participation End Date (000999),0.8699,Program Participation Start Date (000590),0.8449,,
ProgramParticipationTitleIII,Proficiency_TitleIII,varchar,Proficiency Status (000573),0.8751,Has Title III English Learner Participation Status (000565),0.7494,Has Proficiency Target Status for Math (000221),0.7341,,
IdeaDisabilityType,IsSecondaryDisability,bit,Primary Disability Type (000218),0.8682,Disability Status (000577),0.7917,Person Disability (200285),0.7887,,
PersonStatus,HomelessNightTimeResidence_EndDate,date,Status End Date (001228),0.8669,Homeless Primary Nighttime Residence (000146),0.8505,Homelessness Status (000149),0.7657,,
K12StudentAddress,CountryDescription,nvarchar,Country Code (000050),0.8661,Has Military Country (002034),0.6755,Region (200394),0.6622,,
K12Organization,School_IsReportedFederally,bit,Has Local Education Agency Federal Reporting (600241),0.866,Local Education Agency Federal Reporting (200190),0.8597,Federal School Code (000111),0.8163,,
OrganizationCalendarSession,BeginDate,datetime,Session Begin Date (000251),0.8638,Status Start Date (001227),0.8624,Competency Framework Valid Start Date (000700),0.8602,,
K12StudentCourseSection,OrganizationID_Course,int,Course Code System (000056),0.8523,Course Identifier (000055),0.8356,Course Number (001314),0.8188,,
K12StudentCourseSection,OrganizationPersonRoleId_School,int,K12 Staff Classification (000087),0.8513,Has Job Position Identification (600185),0.8258,Job Position Identification (200182),0.8159,,
K12Enrollment,FoodServiceEligibility,nvarchar,Eligibility Status for School Food Service Programs (000092),0.8504,Program Participation Food Service (200319),0.8493,Has Program Participation Food Service (600192),0.8067,,
K12StudentCourseSection,OrganizationID_LEA,int,Has Organization Identifier (600502),0.8504,Organization Identifier (000826),0.8454,Has Organization Identifier Type (600567),0.8235,,
ProgramParticipationTitleIII,EnglishLearnerParticipation,bit,English Learner Status (000180),0.8498,Title III English Learner Participation Status (000565),0.8434,Program Participation Title III English Learner (200325),0.8304,,
StateDetail,SeaContact_Identifier,nvarchar,Local Education Agency Identifier (001068),0.8452,Organization Identifier (000826),0.8234,State Agency Identifier (001490),0.8131,,
K12Enrollment,LanguageNative,nvarchar,Person Language (200293),0.8449,Has Person Language (600052),0.83,Has Language Type (000316),0.8026,,
K12StudentAddress,CountyAnsiDescription,nvarchar,County ANSI Code (001209),0.8397,Responsible District Type (000594),0.6457,Address County Name (000190),0.6199,,
K12Organization,School_IndicatorStatusType,varchar,School Type (000242),0.8366,Title I School Status (000285),0.827,K12 School Status (200203),0.8258,,
ProgramParticipationCTE,SingleParentIndicator,bit,Single Parent or Single Pregnant Woman Status (000580),0.8331,Has Teen Parent Indicator (002062),0.8173,Has Custodial Parent or Guardian Indicator (000329),0.807,,
OrganizationCalendarSession,CalendarYear,nvarchar,School Year (000243),0.8245,Calendar Event Date (001275),0.7656,Fiscal Year (001639),0.7654,,
Discipline,DisciplineActionIdentifier,nvarchar,Disciplinary Action Taken (000488),0.8135,Has Corrective Action Type (000049),0.7846,Learner Action (200225),0.7639,,
K12Organization,LEA_IsReportedFederally,bit,Has Local Education Agency Federal Reporting (600241),0.8124,Local Education Agency Federal Reporting (200190),0.786,Gun Free Schools Act Reporting Status (000134),0.7143,,
K12SchoolComprehensiveSupportIdentificationType,ComprehensiveSupportReasonApplicability,varchar,Discipline Reason (000545),0.8122,Has Program Entry Reason (001922),0.7563,Special Education Exit Reason (000260),0.7532,,
K12StudentAddress,LocationId,nvarchar,School Identifier (001069),0.7977,Responsible School Identifier (000638),0.795,School Identification System (001073),0.7897,,
OrganizationCustomSchoolIndicatorStatusType,IndicatorStatus,varchar,Elementary-Middle Additional Indicator Status (000091),0.7969,English Learner Status (000180),0.7352,Has Exit or Withdrawal Status (000108),0.733,,
OrganizationSchoolIndicatorStatus,IndicatorStatus,varchar,Elementary-Middle Additional Indicator Status (000091),0.7969,English Learner Status (000180),0.7352,Has Exit or Withdrawal Status (000108),0.733,,
K12StudentAddress,RefStateId,int,State Abbreviation (000267),0.7903,State ANSI Code (000424),0.7559,Has State Agency Identification System (001491),0.7169,,
IndicatorStatusCustomType,Definition,nvarchar,Competency Definition (200065),0.7898,Competency Definition URL (000874),0.7816,Competency Definition Notes (001249),0.7645,,
StateDefinedCustomIndicator,Definition,nvarchar,Competency Definition (200065),0.7898,Competency Definition URL (000874),0.7816,Competency Definition Notes (001249),0.7645,,
K12StudentCourseSection,OrganizationPersonRoleId_LEA,int,Job Position Identification (200182),0.7895,K12 Staff Assignment (200207),0.7857,Has Job Position Identification (600185),0.7842,,
StateDetail,SeaContact_PhoneNumber,nvarchar,Web Site Address (000704),0.7882,Electronic Mail Address (000088),0.7831,Organization Identifier (000826),0.749,,
OrganizationCustomSchoolIndicatorStatusType,IndicatorStatusType,varchar,Elementary-Middle Additional Indicator Status (000091),0.7828,English Learner Status (000180),0.7257,IDEA Indicator (000151),0.7247,,
OrganizationSchoolIndicatorStatus,IndicatorStatusType,varchar,Elementary-Middle Additional Indicator Status (000091),0.7828,English Learner Status (000180),0.7257,IDEA Indicator (000151),0.7247,,
K12Organization,School_TargetedSupport,varchar,Targeted Support and Improvement Status (001924),0.7824,Additional Targeted Support and Improvement Status (001925),0.7502,Responsible School Type (000595),0.7247,,
OrganizationSchoolComprehensiveAndTargetedSupport,School_TargetedSupport,varchar,Targeted Support and Improvement Status (001924),0.7824,Additional Targeted Support and Improvement Status (001925),0.7502,Responsible School Type (000595),0.7247,,
OrganizationCustomSchoolIndicatorStatusType,StatedDefinedIndicatorStatus,varchar,Elementary-Middle Additional Indicator Status (000091),0.7799,English Learner Status (000180),0.7417,IDEA Indicator (000151),0.7409,,
OrganizationSchoolIndicatorStatus,StatedDefinedIndicatorStatus,varchar,Elementary-Middle Additional Indicator Status (000091),0.7799,English Learner Status (000180),0.7417,IDEA Indicator (000151),0.7409,,
SchoolPerformanceIndicators,SchoolPerformanceIndicatorType,varchar,Assessment Performance Level Score Metric (000417),0.7799,School Quality or Student Success Indicator Type (002140),0.7794,Assessment Performance Level Label (000718),0.7612,,
K12Organization,LEA_TitleIinstructionalService,varchar,Title I Instructional Services (000282),0.7786,Title I Support Services (000289),0.767,Local Education Agency Title I Support Service (200196),0.7504,,
SchoolPerformanceIndicatorStateDefinedStatus,SchoolPerformanceIndicatorStateDefinedStatusDescription,nvarchar,School Quality or Student Success Indicator Type (002140),0.7747,Progress Achieving English Language Proficiency State Defined Status (001916),0.7569,Progress Achieving English Language Proficiency Indicator Type (001915),0.7275,,
K12StudentCourseSection,OrganizationPersonRoleId_CourseSection,int,Has Professional Development Session Instructor (600119),0.7721,K12 Staff Classification (000087),0.7516,Course Certification Description (001302),0.7441,,
K12Organization,School_ComprehensiveAndTargetedSupport,varchar,Targeted Support and Improvement Status (001924),0.7698,Additional Targeted Support and Improvement Status (001925),0.7482,Responsible School Type (000595),0.7131,,
OrganizationSchoolComprehensiveAndTargetedSupport,School_ComprehensiveAndTargetedSupport,varchar,Targeted Support and Improvement Status (001924),0.7698,Additional Targeted Support and Improvement Status (001925),0.7482,Responsible School Type (000595),0.7131,,
K12SchoolComprehensiveSupportIdentificationType,ComprehensiveSupport,varchar,Comprehensive Support and Improvement Status (001923),0.7643,Has Comprehensive Support and Improvement Identification Type (002182),0.747,Student Support Service Type (000273),0.7288,,
SchoolPerformanceIndicators,SchoolPerformanceIndicatorStateDefinedStatus,varchar,School Quality or Student Success Indicator Type (002140),0.7637,Progress Achieving English Language Proficiency State Defined Status (001916),0.7591,Progress Achieving English Language Proficiency Indicator Type (001915),0.7254,,
K12Organization,School_SchoolDangerousStatus,varchar,Persistently Dangerous Status (000210),0.7623,Has Facility Hazard (600018),0.7305,Facility Hazard (200131),0.7221,,
K12Organization,School_ComprehensiveSupport,varchar,Has K12 Program Or Service (600257),0.7621,Student Support Service Type (000273),0.7423,Responsible School Type (000595),0.7328,,
OrganizationSchoolComprehensiveAndTargetedSupport,School_ComprehensiveSupport,varchar,Has K12 Program Or Service (600257),0.7621,Student Support Service Type (000273),0.7423,Responsible School Type (000595),0.7328,,
SchoolPerformanceIndicatorStateDefinedStatus,SchoolPerformanceIndicatorStateDefinedStatusDefinition,nvarchar,School Quality or Student Success Indicator Type (002140),0.7609,Progress Achieving English Language Proficiency State Defined Status (001916),0.7509,Progress Achieving English Language Proficiency Indicator Type (001915),0.7197,,
IndicatorStatusCustomType,Code,nvarchar,ISO 639-2 Language Code (000317),0.76,ISO 639-3 Language Code (001637),0.7596,Country Code (000050),0.7459,,
StateDefinedCustomIndicator,Code,nvarchar,ISO 639-2 Language Code (000317),0.76,ISO 639-3 Language Code (001637),0.7596,Country Code (000050),0.7459,,
SchoolPerformanceIndicators,SchoolPerformanceIndicatorCategory,varchar,School Quality or Student Success Indicator Type (002140),0.7573,Assessment Performance Level Label (000718),0.7172,Assessment Performance Level Score Metric (000417),0.7134,,
PsInstitution,Website,varchar,Organization Website (200273),0.7569,Web Site Address (000704),0.6965,Has Organization Website (600518),0.6204,,
SchoolPerformanceIndicatorStateDefinedStatus,RefSchoolPerformanceIndicatorStateDefinedStatusId,int,School Quality or Student Success Indicator Type (002140),0.7491,Progress Achieving English Language Proficiency State Defined Status (001916),0.74,Assessment Performance Level Label (000718),0.711,,
K12Organization,LEA_CharterLeaStatus,varchar,Charter School Indicator (000039),0.7485,Local Education Agency Operational Status (000174),0.6643,Local Education Agency Type (000537),0.6408,,
Assessment,RunDateTime,datetime,Start Time (001919),0.748,Record Start Date Time (001917),0.7438,Activity Time Involved (001527),0.7265,,
AssessmentResult,RunDateTime,datetime,Start Time (001919),0.748,Record Start Date Time (001917),0.7438,Activity Time Involved (001527),0.7265,,
CharterSchoolAuthorizer,RunDateTime,datetime,Start Time (001919),0.748,Record Start Date Time (001917),0.7438,Activity Time Involved (001527),0.7265,,
CharterSchoolManagementOrganization,RunDateTime,datetime,Start Time (001919),0.748,Record Start Date Time (001917),0.7438,Activity Time Involved (001527),0.7265,,
Disability,RunDateTime,datetime,Start Time (001919),0.748,Record Start Date Time (001917),0.7438,Activity Time Involved (001527),0.7265,,
Discipline,RunDateTime,datetime,Start Time (001919),0.748,Record Start Date Time (001917),0.7438,Activity Time Involved (001527),0.7265,,
DisciplineReason,RunDateTime,datetime,Start Time (001919),0.748,Record Start Date Time (001917),0.7438,Activity Time Involved (001527),0.7265,,
EducationOrganizationNetwork,RunDateTime,datetime,Start Time (001919),0.748,Record Start Date Time (001917),0.7438,Activity Time Involved (001527),0.7265,,
FollowUp,RunDateTime,datetime,Start Time (001919),0.748,Record Start Date Time (001917),0.7438,Activity Time Involved (001527),0.7265,,
IncidentBehavior,RunDateTime,datetime,Start Time (001919),0.748,Record Start Date Time (001917),0.7438,Activity Time Involved (001527),0.7265,,
K12Enrollment,RunDateTime,datetime,Start Time (001919),0.748,Record Start Date Time (001917),0.7438,Activity Time Involved (001527),0.7265,,
K12Organization,RunDateTime,datetime,Start Time (001919),0.748,Record Start Date Time (001917),0.7438,Activity Time Involved (001527),0.7265,,
K12PersonRace,RunDateTime,datetime,Start Time (001919),0.748,Record Start Date Time (001917),0.7438,Activity Time Involved (001527),0.7265,,
K12SchoolComprehensiveSupportIdentificationType,RunDateTime,datetime,Start Time (001919),0.748,Record Start Date Time (001917),0.7438,Activity Time Involved (001527),0.7265,,
K12StaffAssignment,RunDateTime,datetime,Start Time (001919),0.748,Record Start Date Time (001917),0.7438,Activity Time Involved (001527),0.7265,,
K12StudentAddress,RunDateTime,datetime,Start Time (001919),0.748,Record Start Date Time (001917),0.7438,Activity Time Involved (001527),0.7265,,
K12StudentCourseSection,RunDateTime,datetime,Start Time (001919),0.748,Record Start Date Time (001917),0.7438,Activity Time Involved (001527),0.7265,,
Migrant,RunDateTime,datetime,Start Time (001919),0.748,Record Start Date Time (001917),0.7438,Activity Time Involved (001527),0.7265,,
Military,RunDateTime,datetime,Start Time (001919),0.748,Record Start Date Time (001917),0.7438,Activity Time Involved (001527),0.7265,,
OrganizationAddress,RunDateTime,datetime,Start Time (001919),0.748,Record Start Date Time (001917),0.7438,Activity Time Involved (001527),0.7265,,
OrganizationFederalFunding,RunDateTime,datetime,Start Time (001919),0.748,Record Start Date Time (001917),0.7438,Activity Time Involved (001527),0.7265,,
OrganizationGradeOffered,RunDateTime,datetime,Start Time (001919),0.748,Record Start Date Time (001917),0.7438,Activity Time Involved (001527),0.7265,,
OrganizationPhone,RunDateTime,datetime,Start Time (001919),0.748,Record Start Date Time (001917),0.7438,Activity Time Involved (001527),0.7265,,
PersonStatus,RunDateTime,datetime,Start Time (001919),0.748,Record Start Date Time (001917),0.7438,Activity Time Involved (001527),0.7265,,
ProgramParticipationCTE,RunDateTime,datetime,Start Time (001919),0.748,Record Start Date Time (001917),0.7438,Activity Time Involved (001527),0.7265,,
ProgramParticipationSpecialEducation,RunDateTime,datetime,Start Time (001919),0.748,Record Start Date Time (001917),0.7438,Activity Time Involved (001527),0.7265,,
ProgramParticipationTitleI,RunDateTime,datetime,Start Time (001919),0.748,Record Start Date Time (001917),0.7438,Activity Time Involved (001527),0.7265,,
ProgramParticipationTitleIII,RunDateTime,datetime,Start Time (001919),0.748,Record Start Date Time (001917),0.7438,Activity Time Involved (001527),0.7265,,
PsPersonRace,RunDateTime,datetime,Start Time (001919),0.748,Record Start Date Time (001917),0.7438,Activity Time Involved (001527),0.7265,,
SchoolPerformanceIndicatorStateDefinedStatus,RunDateTime,datetime,Start Time (001919),0.748,Record Start Date Time (001917),0.7438,Activity Time Involved (001527),0.7265,,
SchoolQualityOrStudentSuccessIndicatorType,RunDateTime,datetime,Start Time (001919),0.748,Record Start Date Time (001917),0.7438,Activity Time Involved (001527),0.7265,,
StateDefinedCustomIndicator,RunDateTime,datetime,Start Time (001919),0.748,Record Start Date Time (001917),0.7438,Activity Time Involved (001527),0.7265,,
StateDetail,RunDateTime,datetime,Start Time (001919),0.748,Record Start Date Time (001917),0.7438,Activity Time Involved (001527),0.7265,,
K12Enrollment,HispanicLatinoEthnicity,bit,Race (001943),0.7465,Has Person Demographic Race (600035),0.6742,Person Demographic Race (200282),0.6649,,
PsStudentEnrollment,HispanicLatinoEthnicity,bit,Race (001943),0.7465,Has Person Demographic Race (600035),0.6742,Person Demographic Race (200282),0.6649,,
StagingValidationRules,Condition,varchar,Disability Condition Type (001320),0.7456,Has Disability Condition Status Type (001319),0.7265,English Learner Status (000180),0.6416,,
StagingValidationRules_ReportsXREF,CreatedDateTime,datetime,Learning Resource Date Created (000916),0.743,Learner Activity Creation Date (000943),0.6418,Created By Person (201000),0.6402,,
SchoolPerformanceIndicatorStateDefinedStatus,SchoolPerformanceIndicatorStateDefinedStatusCode,nvarchar,Progress Achieving English Language Proficiency State Defined Status (001916),0.7423,School Quality or Student Success Indicator Type (002140),0.7254,Assessment Performance Level Label (000718),0.7169,,
K12Enrollment,LanguageHome,nvarchar,Language Type (000316),0.7394,ISO 639-2 Language Code (000317),0.7391,ISO 639-3 Language Code (001637),0.7174,,
K12Organization,School_CharterSchoolFEIN_Update,varchar,Charter School Open Enrollment Indicator (001548),0.7377,Charter School Indicator (000039),0.7311,Charter School Authorizer Type (001292),0.6888,,
IndicatorStatusCustomType,Description,nvarchar,Rubric Description (001479),0.7343,Entry Type (000099),0.7297,Incident Description (000508),0.7181,,
StateDefinedCustomIndicator,Description,nvarchar,Rubric Description (001479),0.7343,Entry Type (000099),0.7297,Incident Description (000508),0.7181,,
OrganizationCustomSchoolIndicatorStatusType,StatedDefinedCustomIndicatorStatusType,varchar,Elementary-Middle Additional Indicator Status (000091),0.7322,IDEA Indicator (000151),0.6697,Virtual Indicator (001160),0.6632,,
StagingValidationRules_ReportsXREF,GenerateReportId,int,Accountability Report Title (000005),0.7266,Reporter Identifier (000507),0.6929,Has Course Section Assessment Reporting Method (000027),0.6794,,
SchoolPerformanceIndicators,SubgroupElementName,varchar,Early Learning Class Group Name (000821),0.7248,Person Name (200377),0.6697,Union Membership Name (001497),0.6622,,
ProgramParticipationCTE,PlacementType,varchar,Perkins Post-Program Placement Indicator (002087),0.7192,IDEA Placement Rationale (001704),0.6687,Disciplinary Action IEP Placement Meeting Indicator (001322),0.6599,,
K12Organization,LEA_MepProjectType,varchar,Project-Based Learning Type (001992),0.715,Migrant Education Program Project Type (000463),0.6702,Organization Project Based Learning (200264),0.6662,,
K12Organization,NewSchool,bit,School Type (000242),0.7097,School Identifier (001069),0.7097,School Identification System (001073),0.6953,,
OrganizationCustomSchoolIndicatorStatusType,IndicatorStatusSubgroup,varchar,Elementary-Middle Additional Indicator Status (000091),0.7035,English Learner Status (000180),0.696,Participation Status for Reading and Language Arts (000209),0.6617,,
OrganizationSchoolIndicatorStatus,IndicatorStatusSubgroup,varchar,Elementary-Middle Additional Indicator Status (000091),0.7035,English Learner Status (000180),0.696,Participation Status for Reading and Language Arts (000209),0.6617,,
AccessibleEducationMaterialProvider,OutOfStateIndicator,bit,State Abbreviation (000267),0.6991,State ANSI Code (000424),0.679,Has Organization Indicator (600504),0.6556,,
OrganizationCustomSchoolIndicatorStatusType,IndicatorStatusSubgroupType,varchar,Elementary-Middle Additional Indicator Status (000091),0.6859,English Learner Status (000180),0.6567,Exit or Withdrawal Type (000110),0.6259,,
OrganizationSchoolIndicatorStatus,IndicatorStatusSubgroupType,varchar,Elementary-Middle Additional Indicator Status (000091),0.6859,English Learner Status (000180),0.6567,Exit or Withdrawal Type (000110),0.6259,,
Discipline,DisciplineMethodOfCwd,nvarchar,Discipline Method for Firearms Incidents (000555),0.685,Discipline Method of Children with Disabilities (000538),0.6804,K12 Student Discipline (200215),0.6474,,
Migrant,RecordId,varchar,Has Record Reference Identification System (002030),0.6797,Record Status (200411),0.6636,Assessment Item Identifier (000630),0.6565,,
ProgramParticipationCTE,RecordId,varchar,Has Record Reference Identification System (002030),0.6797,Record Status (200411),0.6636,Assessment Item Identifier (000630),0.6565,,
OrganizationFederalFunding,ParentalInvolvementReservationFunds,numeric,Program Provides Parent Involvement Opportunity (000855),0.6762,Program Provides Parent Education (000856),0.6168,,,,
K12Organization,LEA_McKinneyVentoSubgrantRecipient,bit,Title IV Participant and Recipient (000292),0.6757,Has Program Participation Migrant (600193),0.6681,Program Participation Migrant (200320),0.6665,,
SchoolPerformanceIndicators,SubgroupCode,varchar,Early Learning Class Group Identifier (000820),0.6682,Carnegie Basic Classification (000038),0.6017,Course Code System (000056),0.5979,,
StagingValidationRules,Severity,varchar,Persistently Dangerous Status (000210),0.657,Discipline Method of Children with Disabilities (000538),0.6473,Has Full Year Expulsion (000513),0.6338,,
StagingValidationRules,StagingValidationRuleId,int,Assessment Subtest Rules (000719),0.6522,Procedural Safeguards Notice Indicator (002121),0.6087,Credential Definition Validation Method Description (001752),0.595,,
StagingValidationRules_ReportsXREF,StagingValidationRuleId,int,Assessment Subtest Rules (000719),0.6522,Procedural Safeguards Notice Indicator (002121),0.6087,Credential Definition Validation Method Description (001752),0.595,,
StagingValidationRules,ValidationMessage,varchar,Has Education Verification Method (001607),0.6466,Personal Information Verification (000618),0.6205,Early Learning Enrollment Application Verification Reason Type (001600),0.6132,,
AccessibleEducationMaterialProvider,AccessibleEducationMaterialProviderName,nvarchar,Authentication Identity Provider Name (001168),0.6458,Credential Award Issuer Name (000898),0.6443,Building Architectural Firm Name (001835),0.6419,,
FipsCounty,CountyFipsCode,varchar,County ANSI Code (001209),0.6444,Responsible School Type (000595),0.5665,,,,
StateDefinedCustomIndicator,RefIndicatorStatusCustomTypeId,int,Record Reference Identifier (002029),0.6225,Record Reference Identification System (002030),0.6159,IDEA Indicator (000151),0.6117,,
StagingValidationRules,CreateDateTime,datetime,Course Add Date (001300),0.6149,Session Start Time (000985),0.5903,School Year Minutes (000244),0.5853,,
K12Organization,NewIEU,bit,Organization Name (000204),0.5794,,,,,,
FollowUp,FollowUp,nvarchar,English Learner Status (000180),0.5746,Perkins English Learner Status (000581),0.562,Role (001946),0.5597,,
StagingValidationRules,StagingColumnId,int,Course Level Characteristic (000061),0.5703,Assessment Item Identifier (000630),0.5562,Has Identification System for Assessment Form Section (001190),0.5554,,
K12Organization,NewLEA,bit,Local Education Agency Identifier (001068),0.5613,,,,,,
StagingValidationRules,RuleDscr,varchar,Assessment Subtest Rules (000719),0.5541,,,,,,
FipsCounty,StateFipsCode,varchar,,,,,,,,
StagingValidationRules,StagingTableId,int,,,,,,,,
StagingValidationRules_ReportsXREF,Enabled,bit,,,,,,,,
